Instrument,Name,Email,Phone,Website,
NeuroCom EquiTest,Sralab,,1-800-354-7342,https://www.sralab.org/rehabilitation-measures/sensory-organization-test,
NeuroCom EquiTest,Nationaldizzyandbalancecenter,,952-345-3000,https://www.nationaldizzyandbalancecenter.com/services/audiology-lab-testing/computerized-dynamic-posturography-testing/,
NeuroCom EquiTest,Fyzical,,(352) 240-1136,https://www.fyzical.com/gainesville/Facility/NeuroCom-Balance-Master,
NeuroCom EquiTest,Dizziness And Balance,,,https://dizziness-and-balance.com/testing/posturography.html,
NeuroCom EquiTest,Mdsabstracts,,,https://www.mdsabstracts.org/abstract/dynamic-and-static-posturographic-analysis-among-fallers-and-non-faller-parkinsons-disease-pd-patients-using-neurocom-smart-equitest/,
NeuroCom EquiTest,Ijspt Scholasticahq,,187541,https://ijspt.scholasticahq.com/article/32547-normative-data-for-the-neurocom-sensory-organization-test-in-united-states-military-academy-boxers,
NeuroCom EquiTest,Clincosm,sales@clincosm.com,4065550120,https://www.clincosm.com/trial/normative-data-static-dynamic-posturography-neurocom-equitest,
NeuroCom EquiTest,Digitalcommons Chapman,,,https://digitalcommons.chapman.edu/pt_articles/180/,
NeuroCom EquiTest,Entokey,,,https://entokey.com/vestibular-evaluation/,
NeuroCom EquiTest,Scholarworks Calstate,,722 722 1000,https://scholarworks.calstate.edu/downloads/6m311q76r?locale=en,
NeuroCom EquiTest,Prolekare,,,https://www.prolekare.cz/en/journals/rehabilitation-and-physical-medicine/2020-2-32/hodnoceni-dynamicke-posturalni-stability-tvorba-referencnich-hodnot-pro-beznou-mladou-populaci-v-cr-124348,
NeuroCom EquiTest,Missouristate,Info@MissouriState.edu,417-836-5000,https://www.missouristate.edu/PhysicalTherapy/facilities-and-resources.htm,
NeuroCom EquiTest,Mfp Hk Illinois,uiuc.fallprevention@gmail.com,217-300-3080,https://mfp.hk.illinois.edu/facilities/,
NeuroCom EquiTest,Dizziness Co,,,https://www.dizziness.co.nz/our-services/computerised-dynamic-posturography-equitest/,
NeuroCom EquiTest,Egrove Olemiss,,,https://egrove.olemiss.edu/hon_thesis/975/,
NeuroCom EquiTest,Linkedin,,,https://www.linkedin.com/posts/jay-jindal-84315412_looking-for-a-neurocom-equitest-equipment-activity-7039158132878516224-SaQ7,
NeuroCom EquiTest,Onesourcedocs,,18007013560,https://www.onesourcedocs.com/documents-html/natus-neurocom-balance-manager-static-systems-service-manual-smart-equitest-natus.html,
NeuroCom EquiTest,Academia,,,https://www.academia.edu/106115838/The_impact_of_vision_loss_on_postural_stability_and_balance_strategies_in_individuals_with_profound_vision_loss,
NeuroCom EquiTest,Hesrm Olemiss,HESRM@olemiss.edu,+1-(662)-915-5521,https://hesrm.olemiss.edu/exercise-science/applied-biomechanics-and-ergonomics/,
NeuroCom EquiTest,Scholars Unh,,,https://scholars.unh.edu/kinesiology_facpub/7/,
NeuroCom EquiTest,Musculoskeletalkey,,,https://musculoskeletalkey.com/regaining-postural-stability-and-balance/,
NeuroCom EquiTest,Mfp Kch Illinois,uiuc.fallprevention@gmail.com,217-300-3080,https://mfp.kch.illinois.edu/facilities/,
NeuroCom EquiTest,Dspace Cuni,admin-repozitar@cuni.cz,,https://dspace.cuni.cz/handle/20.500.11956/124349,
NeuroCom EquiTest,Techfee Fau,,3,https://techfee.fau.edu/approvedproposals/Download.cfm?sid=254&pid=217,
NeuroCom EquiTest,Peacehealth,,+1-458-205-6969,https://www.peacehealth.org/locations/eugene/outpatient-rehabilitation-peacehealth-university-district,
NeuroCom EquiTest,Games Jmir,mwittstein@elon.edu,336 278 6693,https://games.jmir.org/2020/4/e19580,
NeuroCom EquiTest,Rmccares,,256-235-5121,https://rmccares.org/services/balance-disorders-center/treatment-options/,
NeuroCom EquiTest,Unlv,,+17028953011,https://www.unlv.edu/integratedhealth/facilities,
NeuroCom EquiTest,Scirp,customer@scirp.org,323-425-8868,https://www.scirp.org/reference/referencespapers?referenceid=1425604,
NeuroCom EquiTest,Frontiersin,l.perucca@auxologico.it,,https://www.frontiersin.org/journals/human-neuroscience/articles/10.3389/fnhum.2021.761262/full,
NeuroCom EquiTest,Profiles Wustl,,24338592,https://profiles.wustl.edu/en/publications/dynamic-posturography-and-caloric-test-results-in-patients-with-a,
NeuroCom EquiTest,Allied Services,,8887342272,https://www.allied-services.org/services/outpatient-rehabilitation/outpatient-balance-vestibular-rehab/,
NeuroCom EquiTest,App Jove,,,https://app.jove.com/t/51077/computerized-dynamic-posturography-for-postural-control-assessment,
NeuroCom EquiTest,Facebook,,,https://www.facebook.com/nationaldizzyandbalancecenter/videos/at-ndbc-we-use-neurocoms-smart-equitest-computerized-dynamic-posturography-to-ob/255943468604159/,
NeuroCom EquiTest,Aprenderly,,800-303-0306,https://aprenderly.com/doc/3437331/neurocom®-smart-equitest®-cdp,
NeuroCom EquiTest,Chsmedcareers,,,https://chsmedcareers.com/location/10531/shorepoint-health-port-charlotte/,
NeuroCom EquiTest,Gvsu,,616-331-6043,https://www.gvsu.edu/biomechanicslab/facility-equipment-3.htm,
NeuroCom EquiTest,Sites Ecu,linch14@ecu.edu,,https://sites.ecu.edu/hmal/sensorimotor-testing-and-rehabilitation-lab/,
NeuroCom EquiTest,Thecatholicspirit,catholicspirit@archspm.org,,https://thecatholicspirit.com/news/local-news/fear-falling-at-st-therese-nasa-has-residents-backs/,
NeuroCom EquiTest,Ctv Veeva,,,https://ctv.veeva.com/study/normative-data-for-static-and-dynamic-posturography-neurocom-equitest-and-balance-master-in-subjec,
NeuroCom EquiTest,Grafiati,,,https://www.grafiati.com/en/literature-selections/neurocom-smart-equitest-system/,
NeuroCom EquiTest,Aging Networkofcare,admin@trilogyir.com,,https://aging.networkofcare.org/riverside/CommunityResources/ClinicalTrials/Detail/NCT04773496?keyword=aging and adult,
NeuroCom EquiTest,News Scranton,royalnews@scranton.edu,(570) 941-7400,https://news.scranton.edu/articles/2018/05/news-biomechanics-day.shtml,
NeuroCom EquiTest,Sovahhealth,,844-467-6824,https://www.sovahhealth.com/balance-center,
NeuroCom EquiTest,Digitalcommons Unl,,625 428.9531,https://digitalcommons.unl.edu/cgi/viewcontent.cgi?article=1020&context=specedfacpub,
NeuroCom EquiTest,Purdue,jhuber@purdue.edu,765-494-3796,https://www.purdue.edu/hhs/motorspeechlab/about-us/,
NeuroCom EquiTest,Bakerrehabgroup,,18667273422,https://www.bakerrehabgroup.com/2017/01/equipment-spotlight-the-neurocom-balance-system/,
NeuroCom EquiTest,Southcarolinablues,,,https://www.southcarolinablues.com/web/public/brands/medicalpolicy/external-policies/dynamic-posturography/,
NeuroCom EquiTest,Yelp,,(406) 552-1799,https://www.yelp.com/biz/element-physical-therapy-missoula,
NeuroCom EquiTest,Vumc,,+16153225000,https://www.vumc.org/balance-lab/publication/influence-unilateral-saccular-impairment-functional-balance-performance-and-self-report,
NeuroCom EquiTest,Concordia,athletictherapy@lists.concordia.ca,5148484544,https://www.concordia.ca/schoolofhealth/laboratories/athletic-therapy-clinic.html,
NeuroCom EquiTest,Cahs Ecu,,+1252-744-0525,https://cahs.ecu.edu/pearl/lab/,
NeuroCom EquiTest,Aboutus,,,https://aboutus.com/ResourcesOnBalance.com,
NeuroCom EquiTest,Max Book118,,400-050-0827,https://max.book118.com/html/2018/0509/165520761.shtm,
NeuroCom EquiTest,Doaj,,,https://doaj.org/article/8d4e07c509fe457b88bf869486af4efa,
NeuroCom EquiTest,Deepblue Lib Umich,,,https://deepblue.lib.umich.edu/handle/2027.42/131795,
NeuroCom EquiTest,Ptsolutionsgroup,pt@ptsolutionsgroup.com,847-240-2000,https://www.ptsolutionsgroup.com/truth-about-dizziness,
NeuroCom EquiTest,Forumv,,,https://forumv.co/photo/albums/neurocom-equitest-manual,
NeuroCom EquiTest,Biblio Ugent,,,https://biblio.ugent.be/publication/8579841,
NeuroCom EquiTest,Uat Anzctr Org,,,https://uat.anzctr.org.au/Trial/Registration/TrialReview.aspx?id=365681,
NeuroCom EquiTest,Clinics Completeconcussions,vertigoinfo@equilibrium-bpc.com,(805) 339-9718,https://clinics.completeconcussions.com/equilibrium-physical-therapy,
NeuroCom EquiTest,Baaudiology,admin@baaudiology.org,+441625290046,https://www.baaudiology.org/events/the-leicester-balance-course-at-de-montfort-university-3/,
NeuroCom EquiTest,Id Id Facebook,,,https://id-id.facebook.com/nationaldizzyandbalancecenter/videos/at-ndbc-we-use-neurocoms-smart-equitest-computerized-dynamic-posturography-to-ob/255943468604159/,
NeuroCom EquiTest,Journals Plos,s.maudsley-barton@mmu.ac.uk,,https://journals.plos.org/plosone/article?id=10.1371/journal.pone.0227485,
NeuroCom EquiTest,Pcl Promedica,,48,https://pcl.promedica.org/-/media/paramount/assets/documents/medicalpolicy/pg0323_vestibular_function_testing,
NeuroCom EquiTest,Equitest,,,https://equitest.net/business-valuation-software-for-cpa,
NeuroCom EquiTest,Jscimedcentral,info@jscimedcentral.com,(409) 880-7900,https://www.jscimedcentral.com/jounal-article-info/Annals-of-Sports-Medicine-and-Research/Sensory-Organization-Test:-Normative-Data-in-Athletes-with-and-without-Concussion-History-11099,
NeuroCom EquiTest,Digitalscholarship Unlv,,,https://digitalscholarship.unlv.edu/thesesdissertations/1327/,
NeuroCom EquiTest,Etsu,info@etsu.edu,+14234394272,https://www.etsu.edu/crhs/aslp/audiology/students/clinicalservices.php,
NeuroCom SMART Balance Master,Matta Org,bernard@smartworldtravels.com,,https://www.matta.org.my/member/MA5428,
NeuroCom SMART Balance Master,Klsentral,,013-201 6231,https://www.klsentral.info/money-changer/merchantrade-asia-money-changer/,
NeuroCom SMART Balance Master,Whodoyou,,,https://www.whodoyou.com/biz/1008804/ficlink-travel-and-tours-sdn-bhd-kuala-lumpur-federal-territory-of-kuala-lumpur,
NeuroCom SMART Balance Master,Nature,t.cruickshank@ecu.edu.au,1457702207,https://www.nature.com/articles/s41598-018-32924-y,
NeuroCom SMART Balance Master,Saintlukeskc,,816-932-3344,https://www.saintlukeskc.org/condition/vestibular-balance-rehabilitation,
NeuroCom SMART Balance Master,Rhirehab,,13173292000,https://www.rhirehab.com/our-programs/outpatient/specialized-outpatient-programs/vestibular-balance-retraining/,
NeuroCom SMART Balance Master,Impulss,info@impulss.eu,+37253442142,https://impulss.eu/methods/balance-master,
NeuroCom SMART Balance Master,Nmrl Pitt,,412-246-0460,https://www.nmrl.pitt.edu/capabilities/biomechanics,
NeuroCom SMART Balance Master,Scholars Csus,,,https://scholars.csus.edu/esploro/outputs/99257831269901671,
NeuroCom SMART Balance Master,Shu,,(973) 275-2800,https://www.shu.edu/gait-motion-analysis-laboratory/equipment-listing.html,
NeuroCom SMART Balance Master,Exss Unc,,,https://exss.unc.edu/interactive-exercise-oncology-lab/,
NeuroCom SMART Balance Master,Pjstar,,,https://www.pjstar.com/story/lifestyle/health-fitness/2008/10/08/staying-in-balance/42479982007/,
NeuroCom SMART Balance Master,Hoag,,,https://www.hoag.org/specialties-services/other-programs-services/outpatient-rehabilitation-services/locations/,
NeuroCom SMART Balance Master,Health Oregonstate,,,https://health.oregonstate.edu/kinesiology/labs/biomechanics-laboratory,
NeuroCom SMART Balance Master,Ejnpn Springeropen,raniashehata.neuro@yahoo.com,,https://ejnpn.springeropen.com/articles/10.1186/s41983-018-0049-4,
NeuroCom SMART Balance Master,Scholarsrepository Llu,,,https://scholarsrepository.llu.edu/etd/1821/,
NeuroCom SMART Balance Master,Uidaho,movementsciences@uidaho.edu,208-885-1155,https://www.uidaho.edu/ed/mvsc/academics/at/spaces/lab,
NeuroCom SMART Balance Master,Uscvhh,,8187907100,https://uscvhh.org/hospital-services/physical-medicine-and-rehabilitation,
NeuroCom SMART Balance Master,Healthandtechnologydistrict Brainnet,,,https://healthandtechnologydistrict-brainnet.ca/find-your-inner-science-nerd/,
NeuroCom SMART Balance Master,Digitalcommons Usu,,478360,https://digitalcommons.usu.edu/hper_facpub/190/,
NeuroCom SMART Balance Master,Scholarscompass Vcu,,,https://scholarscompass.vcu.edu/etd/836/,
NeuroCom SMART Balance Master,Cdr Lib Unc,,833 556 1000,https://cdr.lib.unc.edu/downloads/0z7093829,
NeuroCom SMART Balance Master,Tworivershearing,,(321) 499-2488,https://tworivershearing.com/fyzical-therapy-and-balance-centers/,
NeuroCom SMART Balance Master,Medschool Cuanschutz,,303-724-5893,https://medschool.cuanschutz.edu/bioengineering/research/hebert-physical-performance-laboratory-at-the-marcus-institute-for-brain-health,
NeuroCom SMART Balance Master,Fresnostatechhs,,559.278.8379,https://fresnostatechhs.com/2017/05/02/recognizing-our-2017-deans-medalists-honored-scholars/,
NeuroCom SMART Balance Master,Balanceandmobilitytherapy,,(419) 824-3434,https://balanceandmobilitytherapy.com/index.html,
NeuroCom SMART Balance Master,Sites Google,,,https://sites.google.com/uindy.edu/kspt-neuro-outcome-measures/core-measures/berg-balance-scale,
NeuroCom SMART Balance Master,Entandaudiologynews,,131 557 4184,https://www.entandaudiologynews.com/reviews/journal-reviews/post/persistent-imbalance-after-traumatic-brain-injury-is-central-in-origin,
NeuroCom SMART Balance Master,Nyp,,,https://www.nyp.org/news/new-device-for-stroke-patients-improves-walking,
NeuroCom SMART Balance Master,Ejo Springeropen,salwa672000@yahoo.com,,https://ejo.springeropen.com/articles/10.1186/s43163-020-00012-6,
NeuroCom SMART Balance Master,Foot Health Forum,,,https://foot-health-forum.com/index.php?threads/intraneural-facilitation-for-diabetic-neuropathy.119556/,
NeuroCom SMART Balance Master,Goodsamhosp,,845.368.5000,https://www.goodsamhosp.org/smart-balance-master,
NeuroCom SMART Balance Master,Ir Library Oregonstate,,,https://ir.library.oregonstate.edu/downloads/44558h470,
NeuroCom SMART Balance Master,Journconcnato50 Wordpress,,,https://journconcnato50.wordpress.com/2020/11/20/neurocom-balance-manager-manuals/,
NeuroCom SMART Balance Master,Wssu,,336-750-2000,https://www.wssu.edu/academics/colleges-and-departments/school-of-health-sciences/department-of-physical-therapy/human-performance-and-biodynamics-lab/facilities-and-equipment.html,
NeuroCom SMART Balance Master,Scholarworks Merrimack,,625 250.9844,https://scholarworks.merrimack.edu/cgi/viewcontent.cgi?article=1006&context=health_facpubs,
NeuroCom SMART Balance Master,Docs Lib Purdue,,,https://docs.lib.purdue.edu/open_access_theses/417/,
NeuroCom SMART Balance Master,Digitalcommons Unomaha,,0,https://digitalcommons.unomaha.edu/cgi/viewcontent.cgi?article=1259&context=biomechanicsarticles,
NeuroCom SMART Balance Master,Telerehab Pitt,,1563231348,http://www.telerehab.pitt.edu/ojs/Telerehab/article/download/6256/6808,
NeuroCom SMART Balance Master,Eurekalert,eab2007@med.cornell.edu,212-821-0560,https://www.eurekalert.org/news-releases/470023,
NeuroCom SMART Balance Master,Epublications Marquette,,16,https://epublications.marquette.edu/cgi/viewcontent.cgi?article=1604&context=bioengin_fac,
NeuroCom SMART Balance Master,Greenmedinfo,,,https://greenmedinfo.com/article/modified-jazz-dance-may-improve-balance-older-women,
NeuroCom SMART Balance Master,Scholars Uky,,,https://scholars.uky.edu/en/projects/effects-of-foot-orthotics-on-dynamic-postural-control-tasks-in-su-2,
NeuroCom SMART Balance Master,Touchmarkfoundation,info@touchmarkfoundation.org,800-796-8744,https://www.touchmarkfoundation.org/programs/,
NeuroCom SMART Balance Master,Uchealth,,(513) 418-2500,https://www.uchealth.com/danieldrakecenter/our-services/physical-therapy/ambulation-and-balance-training/,
NeuroCom SMART Balance Master,Digitalcommons Odu,,,https://digitalcommons.odu.edu/vchc-conference/2021/presentations/17/,
NeuroCom SMART Balance Master,Slideplayer,,,https://slideplayer.com/slide/15038511/,
NeuroCom SMART Balance Master,Lomalinda Elsevierpure,,,https://lomalinda.elsevierpure.com/en/publications/effects-of-a-novel-therapeutic-intervention-in-patients-with-diab-4,
NeuroCom SMART Balance Master,Atsu,info@hlcommission.org,6606262121,https://www.atsu.edu/master-of-science-in-athletic-training-degree,
NeuroCom SMART Balance Master,Wisconsinreads,,323291376,https://wisconsinreads.org/textbook/outpatient-physical-therapy-intervention-for-a-patient-post-non-surgical-lateral-tibial-plateau-fracture-utilizing-the-neurocom-smart-balance-master/,
NeuroCom SMART Balance Master,Digitalcommons Wku,,778 722 1000,https://digitalcommons.wku.edu/cgi/viewcontent.cgi?article=2075&context=ijes,
NeuroCom SMART Balance Master,Commons Und,,,https://commons.und.edu/pt-grad/104/,
NeuroCom SMART Balance Master,Bodyrebuilders,,610-668-4055,https://www.bodyrebuilders.com/neurocom,
NeuroCom SMART Balance Master,Scielo Isciii,cris.corciv@gmail.com,,https://scielo.isciii.es/scielo.php?script=sci_arttext&pid=S2444-79862020000100009,
NeuroCom SMART Balance Master,Docest,,,https://docest.com/doc/119794/save-the-date-invitation-to-5th-annual-gvsu-dpt-research-day,
NeuroCom SMART Balance Master,Arbor,,,https://arbor.lv/katalogs/lidzsvara-kontrole/204-neurocom-lidzsvara-platformas.html,
NeuroCom SMART Balance Master,Medresman Org,,,http://www.medresman.org.cn/pub/cn/proj/projectshow.aspx?proj=9865,
NeuroCom SMART Balance Master,Xueshu Baidu,xueshu_support@baidu.com,,https://xueshu.baidu.com/usercenter/paper/show?paperid=dc1c5db790f78651fdf293e1a9a9c554,
NeuroCom SMART Balance Master,D Scholarship Pitt,amk208@pitt.edu,,http://d-scholarship.pitt.edu/24288/,
NeuroCom SMART Balance Master,Scielo,raissabentops@gmail.com,,https://www.scielo.br/j/fm/a/QdMmjGSv6ZSNs66xTmfcRxp/,
NeuroCom SMART Balance Master,Meddeviceonline,,,https://www.meddeviceonline.com/doc/advanced-electrical-stimulation-technology-gi-0001,
Bertec Balance Advantage,Goodshepherdrehab,,1-888-447-3422,https://www.goodshepherdrehab.org/technology/bertec-balance-advantage-system/,
Bertec Balance Advantage,Eprints Qut Edu,eprints@qut.edu.au,,https://eprints.qut.edu.au/231978/,
Bertec Balance Advantage,Polyu Edu,marco.pang@polyu.edu.hk,,https://www.polyu.edu.hk/largeequipment/large-research-equipment/info/rs0008/,
Bertec Balance Advantage,Interacoustics,,,https://www.interacoustics.com/balance-testing-equipment,
Bertec Balance Advantage,Sites Uwm,,,https://sites.uwm.edu/mobilitylab/research/lab-equipment/,
Bertec Balance Advantage,Researchprofiles Canberra Edu,,,https://researchprofiles.canberra.edu.au/en/publications/reliability-and-learning-effects-of-repeated-exposure-to-the-bert,
Bertec Balance Advantage,Dc Uwm,scholarlycommunicationteam-group@uwm.edu,,https://dc.uwm.edu/uwsurca/2018/Posters/34/,
Bertec Balance Advantage,Marshallhealthnetwork,,304.526.1333,https://www.marshallhealthnetwork.org/centers-of-care/marshall-health-network-balance-center/,
Bertec Balance Advantage,Assistivetechnologyblog,,,https://assistivetechnologyblog.com/2015/11/assistive-technology-rehabilitation.html,
Bertec Balance Advantage,Mchhs Missouristate,Info@MissouriState.edu,417-836-5000,https://mchhs.missouristate.edu/Facilities.htm,
Bertec Balance Advantage,News Missouristate,,,https://news.missouristate.edu/2018/12/10/slippery-slope/,
Bertec Balance Advantage,Vbn Aau,,,https://vbn.aau.dk/en/publications/age-and-gender-specific-normative-data-on-computerized-dynamic-po,
Bertec Balance Advantage,Inknowvation,gera@inknowvation.com,,https://www.inknowvation.com/sbir/story/interacoustics-enters-distribution-agreement-bertec-corporation,
Bertec Balance Advantage,Orlmedicina,info@orlmedicina.si,+38651891919,https://orlmedicina.si/blog/cdp-bertec-diagnosticno-orodje-za-tezave-z-ravnotezjem/,
Bertec Balance Advantage,Digitalcommons Gardner Webb,,,https://digitalcommons.gardner-webb.edu/exercise-science-research-proposal-posters/101/,
Bertec Balance Advantage,Ptcasdirectory Apta,abehlen@csufresno.edu,+1 559.278.2625,https://ptcasdirectory.apta.org/372/California-State-University-Fresno?tab=profile,
Bertec Balance Advantage,Instantmarkets,,,https://www.instantmarkets.com/view/ID273000362979573731685232046101493601523/6515Bertec_Balance_Advantage_CDPIVR_System_EER,
Bertec Balance Advantage,Canberra Edu,,,https://www.canberra.edu.au/about-uc/media/newsroom/2018/april/uc-launches-australian-first-balance-technology-to-knock-concussion,
Bertec Balance Advantage,Blogs Missouristate,,,https://blogs.missouristate.edu/mindseye/ensuring-your-loved-ones-safety-doesnt-hang-in-the-balance/,
Bertec Balance Advantage,My Clevelandclinic,,877.463.2010,https://my.clevelandclinic.org/florida/locations/braathen-center/specialties,
Bertec Balance Advantage,Legalhoop,support@legalhoop.com,,https://www.legalhoop.com/trademark/detail/85647797/BALANCE-ADVANTAGE,
Bertec Balance Advantage,Fbodaily,Janelle.Bonafede@va.gov,716-862-7461,http://www.fbodaily.com/archive/2022/12-December/29-Dec-2022/FBO-06552555.htm,
Bertec Balance Advantage,Livemint,,,https://www.livemint.com/money/mutual-funds-flexi-cap-fund-vs-balance-advantage-which-is-better-for-you-11697099128576.html,
Bertec Balance Advantage,Ucfialt,,269-387-0718,https://www.ucfialt.com/sites/mobilitylab/research/lab-equipment/,
Bertec Balance Advantage,Helenhayeshospital,,8887073422,https://helenhayeshospital.org/services/outpatient-services/oncology-rehabilitation/,
Bertec Balance Advantage,Manualslib,,614 543-8099,https://www.manualslib.de/manual/980616/Bertec-Balance-Advantage.html,
Bertec Balance Advantage,Healthcare Utah,,+18015812668,https://healthcare.utah.edu/locations/sugar-house/rehab-therapy/brain-injury-wellness,
Bertec Balance Advantage,Bidnetdirect,,800-835-4603,https://www.bidnetdirect.com/california/solicitations/open-bids/statewide/6515-Notice-of-Intent-to-Sole-Source-Bertec-Balance-Advantage-Computerized-Dynamic-Posturography-CDP-Immersive-Virtual-Reality-IVR/2353430252,
Bertec Balance Advantage,Content Iospress,,909 558 4632,https://content.iospress.com/articles/journal-of-vestibular-research/ves534,
Bertec Balance Advantage,Bajajamc,service@bajajamc.com,1800-309-3900,https://www.bajajamc.com/mutual-fund/hybrid/bajaj-finserv-balanced-advantage-fund,
Bertec Balance Advantage,Uknowledge Uky,,625 161.0391,https://uknowledge.uky.edu/cgi/viewcontent.cgi?article=1000&context=smri_facpub,
Bertec Balance Advantage,Hk Linkedin,,,https://hk.linkedin.com/posts/bertec-corporation_subjective-visual-vertical-svv-risk-of-activity-7016072313842409472-WWTL,
Bertec Balance Advantage,Rehabhospital,,,https://www.rehabhospital.org/innovation/bertec-balance-master,
Bertec Balance Advantage,Global Tendernews,,9321128802,https://global.tendernews.com/tender-info.aspx?r=823416220907&s=0,
Bertec Balance Advantage,Springermedicine,,,https://www.springermedicine.com/age-and-gender-specific-normative-data-on-computerized-dynamic-p/23671870,
Bertec Balance Advantage,Michiganfyzical Wordpress,,,https://michiganfyzical.wordpress.com/2018/06/18/know-your-balance-facts/,
Bertec Balance Advantage,Hawkindynamics,info@hawkindynamics.com,+12074059142,https://www.hawkindynamics.com/blog/what-is-a-force-plate,
Bertec Balance Advantage,Childrensnational,,1-888-884-2327,https://www.childrensnational.org/get-care/departments/balance-and-vestibular-program,
Bertec Balance Advantage,Medimex,,,https://www.medimex.fr/produit/balance-advantage-dynamic-cdp-ivr/,
Bertec Balance Advantage,Montclair,,9736554000,https://www.montclair.edu/newscenter/2024/03/11/balancing-audiology-and-exercise-science-needs/,
Bertec Balance Advantage,Wexnermedical Osu,webmaster@osumc.edu,,https://wexnermedical.osu.edu/physical-therapy-rehabilitation/neurological-rehabilitation,
Bertec Balance Advantage,Fr Linkedin,,,https://fr.linkedin.com/posts/bertec-corporation_introducing-bertec-head-mounted-display-activity-7031970892976975872-hvqB,
Bertec Balance Advantage,Spine Osu,dufour.8@osu.edu,(614) 292-2016,https://spine.osu.edu/node/669/measurement-systems,
Bertec Balance Advantage,Contemplas,info@contemplas.com,+4983125436920,https://contemplas.com/en/hardware-force-measurement/,
NeuroCom VSR,Swaymedical,,,https://www.swaymedical.com/research/correlation-between-scores-on-the-modified-ctsib-when-using-the-sway-and-neurocom-vsr-sport,
NeuroCom VSR,Digitalshowcase Lynchburg,,,https://digitalshowcase.lynchburg.edu/studentshowcase/2017/presentations/54/,
NeuroCom VSR,Liberty,ATProgram@liberty.edu,14345822000,https://www.liberty.edu/health-sciences/allied-health-professions/athletic-training-laboratory/,
NeuroCom VSR,Magazine Harding,,501-279-4000,https://magazine.harding.edu/2019/04/2019-faculty-accomplishments.html,
NeuroCom VSR,Digitalcommons Sacredheart,,,https://digitalcommons.sacredheart.edu/shuscholar/vol1/iss1/5/,
NeuroCom VSR,Hopenetwork,,+616.301.8000,https://hopenetwork.org/neuro-rehabilitation/what-to-expect,
NeuroCom VSR,Scholarworks Atsu,,,https://scholarworks.atsu.edu/at-faculty/202/,
NeuroCom VSR,Unboundmedicine,,,https://www.unboundmedicine.com/medline/citation/22488184/Validity_and_reliability_of_limits_of_stability_testing:_a_comparison_of_2_postural_stability_evaluation_devices_,
NeuroCom VSR,Spts,,,https://spts.cc/member-benefits-detail/enjoy-member-benefits/journals/ijspt/volume-13-number-5/,
NeuroCom VSR,Miamioh,TechFee@MiamiOH.edu,513-529-1809,https://miamioh.edu/it-services/initiatives-and-projects/student-tech-grant/proposals-fy18/cehs-performance-monitoring-periodization/index.html,
NeuroCom VSR,Scholarworks Bgsu,,625 513.9375,https://scholarworks.bgsu.edu/cgi/viewcontent.cgi?article=1073&context=jsmahs,
NeuroCom VSR,Gamertagzero,,,https://gamertagzero.com/starfield-what-are-neuroamps-and-how-to-get-them/,
NeuroCom VSR,Daveblackuk Github,,,https://daveblackuk.github.io/VSR/,
NeuroCom VSR,Github,,,https://github.com/daveblackuk/VSR,
NeuroCom VSR,Neurocaregroup,,,https://www.neurocaregroup.com/technology/dc-stimulator-plus,
NeuroCom VSR,Scholars Duke,,,https://scholars.duke.edu/publication/1175986,
NeuroCom VSR,Avorahealth,,,https://www.avorahealth.com/vor-vcr-vsr.html,
NeuroCom VSR,Utsouthwestern,no-reply@utsouthwestern.edu,214-648-2344,https://www.utsouthwestern.edu/education/medical-school/departments/neuroscience/departmental-excellence.html,
NeuroCom VSR,Thegamer,,,https://www.thegamer.com/starfield-neuroamps-tech-ryujin-industries-explained/,
NeuroCom VSR,Tomshardware,,,https://www.tomshardware.com/news/nvidia-vsr-video-upscaling-tested,
NeuroCom VSR,Imprs Neurocom Mpg,,+493419940-2261,https://imprs-neurocom.mpg.de/summer-school-2023-programme,
NeuroCom VSR,Screenrant,,,https://screenrant.com/intel-video-super-resolution-meaning-enable-chrome-how/,
NeuroCom VSR,Germanjournalsportsmedicine,,,https://www.germanjournalsportsmedicine.com/archive/archive-2024/issue-3/neurocognitive-performance-vestibulo-ocular-function-and-postural-control-in-youth-male-soccer-and-basketball-players-of-different-ages/,
NeuroCom VSR,Vedosport,,,http://vedosport.com/Products/201395154151.html,
NeuroCom VSR,Patents Google,,,https://patents.google.com/patent/JPH07250821A/ja,
NeuroCom VSR,Audiologyonline,,800-753-2160,https://www.audiologyonline.com/releases/new-head-shake-test-from-6445,
NeuroCom VSR,Makeuseof,,,https://www.makeuseof.com/what-is-nvidia-rtx-vsr/,
NeuroCom VSR,Physionet,,,https://physionet.org/content/eegmat/1.0.0/,
NeuroCom VSR,Sciencegate,,2019240309,https://www.sciencegate.app/document/10.31234/osf.io/mt49r,
NeuroCom VSR,Blogs Nvidia,,,https://blogs.nvidia.com/blog/rtx-video-super-resolution/,
NeuroCom VSR,Cbs Mpg,,+493419940-2261,https://www.cbs.mpg.de/en/imprs-neurocom,
NeuroCom VSR,Goteamvsr,,,https://www.goteamvsr.com/,
NeuroCom VSR,Posturography,,,https://posturography.info/,
NeuroCom VSR,Rs Yiigle,cts501@sohu.com,,https://rs.yiigle.com/CN2021/656683.htm,
NeuroCom VSR,Connect Rtrn,,,http://connect.rtrn.net/profiles/display/1687985,
NeuroCom VSR,Dc Etsu,,,https://dc.etsu.edu/etsu-works/1866/,
NeuroCom VSR,Immunology,BSI@immunology.org,+44 (0)20 3019 5901,https://www.immunology.org/es/public-information/inmunología-bitesized/pathogens-disease/virus-sincicial-respiratorio-vsr,
NeuroCom VSR,Velvetjobs,,,https://www.velvetjobs.com/resume/veterans-service-representative-resume-sample,
NeuroCom VSR,Biospace,,,https://www.biospace.com/article/releases/natus-medical-incorporated-completes-acquisition-of-neurocom-international-/,
NeuroCom VSR,Balancerehabilitation,info@balancerehab.net,+1-949-4659500,https://www.balancerehabilitation.com/vestibular-rehabilitation-therapy,
NeuroCom VSR,Fenwick,,,https://www.fenwick.com/insights/experience/fenwick-west-represents-natus-in-acquisition-of-neurocom,
NeuroCom VSR,Vsrsystems,sales@vsrsystems.com,9143812067,https://www.vsrsystems.com/,
NeuroCom VSR,Neurocomp,info@neurocomp.com,(949)246-2238,https://www.neurocomp.com/,
NeuroCom VSR,Es La Facebook,,,https://es-la.facebook.com/ClinicaNeurocom/,
NeuroCom VSR,Rocketreach,,,https://rocketreach.co/neurocom-sa-management_b5c15a6df42e0894,
NeuroCom VSR,Dualshockers,,,https://www.dualshockers.com/starfield-should-you-get-the-neuroamp/,
NeuroCom VSR,Unomaha,unobiomechanics@unomaha.edu,402.554.3228,https://www.unomaha.edu/college-of-education-health-and-human-sciences/biomechanics-core-facility/facilities/balance-and-strength-laboratory.php,
NeuroCom VSR,Materialwelding,,,https://www.materialwelding.com/vibratory-stress-relief-vsr/,
NeuroCom VSR,Birminghammedicalnews,balance@childrensal.org,,https://www.birminghammedicalnews.com/article/7781/children-s-vestibular-and-balance-clinic,
NeuroCom VSR,Braininformatics Springeropen,muftimahmud@gmail.com,,https://braininformatics.springeropen.com/articles/10.1186/s40708-023-00193-9,
NeuroCom VSR,Rdw Rowan,rdw@rowan.edu,,https://rdw.rowan.edu/csm_facpub/216/,
NeuroCom VSR,Starfieldfans,,,https://starfieldfans.com/wiki/Neurocom_Mark_III,
NeuroCom VSR,Inara,,,https://inara.cz/starfield/apparel-item/3775/,
NeuroCom VSR,Nemours,,(800)%20416-4441,https://www.nemours.org/services/concussions.html,
NeuroCom VSR,Neurocom Com,contato@neurocom.com.br,,https://www.neurocom.com.br/en/blog,
Bertec Vision Advantage,Movementf1Rst,krystal@movement1.com,949 261-6101,https://www.movementf1rst.com/concussion,
Bertec Vision Advantage,Californiatherapysolutions,,949-722-7374,https://www.californiatherapysolutions.com/balance-vestibular,
Bertec Vision Advantage,Newsletters Aans,,,https://newsletters.aans.org/neurotrauma/fall-2023/whats-new-in-traumatic-brain-injury-clinical-trials/,
Bertec Vision Advantage,Ohiostate Elsevierpure,,,https://ohiostate.elsevierpure.com/en/publications/comparing-dynamic-visual-acuity-between-athletes-who-are-deaf-or-,
Bertec Vision Advantage,Kelseycareadvantage,,713-442-5646,https://www.kelseycareadvantage.com/explore-plans/find-a-provider/find-a-vision-services-provider,
Bertec Vision Advantage,Aetnavision,,,https://www.aetnavision.com/theme/microsites/aetna/aetnamedicarevision.html,
Bertec Vision Advantage,Hpsm,customersupport@hpsm.org,800-223-8383,https://www.hpsm.org/member/my-health-plan/careadvantage-2024/vision-benefits,
Bertec Vision Advantage,Visionadvantage Com,,,https://visionadvantage.com.au/,
Bertec Vision Advantage,Upmchealthplan,,844-575-8241,https://www.upmchealthplan.com/snp/learn/plan-benefits/vision-dental-hearing/vision-benefits,
Bertec Vision Advantage,Informahealthcare,,,https://www.informahealthcare.com/doi/full/10.1080/07448481.2023.2198018,
Bertec Vision Advantage,Growjo,,,https://growjo.com/company/Bertec,
Bertec Vision Advantage,Vision Net,,,https://www.vision-net.ie/Company-Info/Bertec-Handling-Solutions-Limited-420236,
Bertec Vision Advantage,Bcbs,,877-486-2048,https://www.bcbs.com/medicare/medicare-advantage,
Bertec Vision Advantage,Advantagedental,,,https://www.advantagedental.com/services/optometry,
Bertec Vision Advantage,Ortho Stanford,,,https://ortho.stanford.edu/humanperformance/lab-tour.html,
Bertec Vision Advantage,Visionlaboratories,contact@visionlaboratories.com,423.529.3742,http://www.visionlaboratories.com/the-vision-advantage,
Bertec Vision Advantage,Www1 Deltadentalins,,800-877-7195,https://www1.deltadentalins.com/brokers/deltavision.html,
Bertec Vision Advantage,Ibswebsite,info@IBSwebsite.com,614-240-5999,https://www.ibswebsite.com/bertec,
Bertec Vision Advantage,Eyemed,,,https://eyemed.com/,
Bertec Vision Advantage,Geha,,800.821.6136,https://geha.com/savings/vision-coverage,
Bertec Vision Advantage,Uhcfeds,,877-835-9861,https://www.uhcfeds.com/vision-plans,
Bertec Vision Advantage,Modahealth,,,https://www.modahealth.com/oebb/faq_ben_vis.shtml,
Bertec Vision Advantage,Kff,,650-854-9400,https://www.kff.org/medicare/issue-brief/medicare-advantage-in-2023-premiums-out-of-pocket-limits-cost-sharing-supplemental-benefits-prior-authorization-and-star-ratings/,
Bertec Vision Advantage,Bertecprecisionind,contactus@bertecprecisionind.com,519-324-9167,http://www.bertecprecisionind.com/contact-us/,
Bertec Vision Advantage,Myvision,,,https://myvision.org/insurance/anthem-blue-view-vision/,
Bertec Vision Advantage,Prod Member Myuhc,,,https://prod.member.myuhc.com/content/myuhc/en/public/member-ei-login.html,
Bertec Vision Advantage,Advantageontario,,905-851-8821,http://www.advantageontario.ca/AAO/Content/About_Page/Mission_Vision_Values.aspx,
Bertec Vision Advantage,Atlanticcouncil,,,https://www.atlanticcouncil.org/content-series/atlantic-council-strategy-paper-series/seizing-the-advantage-a-vision-for-the-next-us-national-defense-strategy/,
Bertec Vision Advantage,Uhc,,,https://www.uhc.com/ifp/sbc.69461AL0120002-02.en.2024,
Bertec Vision Advantage,Northcentraleye,,419-668-3295,https://www.northcentraleye.com/eye-resources/what-is-perfect-vision/,
Bertec Vision Advantage,Envolvevision,,,https://www.envolvevision.com/,
Bertec Vision Advantage,Mvphealthcare,,,https://www.mvphealthcare.com/plans/dental-vision,
Bertec Vision Advantage,Bluecross,,,https://www.bluecross.ca/member-savings/providers/,
Bertec Vision Advantage,Scanhealthplan,,8774525898,https://www.scanhealthplan.com/supplemental-benefits/vision-care-benefit,
Bertec Vision Advantage,Oru,helpdesk@oru.edu,1-800-678-8876,https://oru.edu/admissions/advantage/online/registration.php,
Bertec Portable Essential,Withpower,hello@withpower.com,4159004227,https://www.withpower.com/trial/phase-motion-sickness-10-2023-02743,
Bertec Portable Essential,Boilerplate Emory,georgiactsa@emory.edu,,https://boilerplate.emory.edu/,
Bertec Portable Essential,Misthumidifierguide,,,https://www.misthumidifierguide.com/best-6-portable-essential-oil-diffusers/,
Bertec Portable Essential,Cardiff Ac,whatlinggm@cardiff.ac.uk,,https://www.cardiff.ac.uk/research-equipment/equipment/view/bertec-portable-force-plate,
Bertec Portable Essential,Digitalcommons Unf,,,https://digitalcommons.unf.edu/unf_faculty_publications/3040/,
Bertec Portable Essential,Visitgreaterpalmsprings,,(800) 967-3767,https://www.visitgreaterpalmsprings.com/listing/burrtec-palm-desert-area/21086/,
Bertec Portable Essential,Elon,,3362782000,https://www.elon.edu/u/academics/health-sciences/biomechanics-lab/facilities/,
Bertec Portable Essential,Bertech,,(212) 255-5511,https://bertech.org/,
Bertec Portable Essential,Organicaromas,info@organicaromas.com,2085081484,https://organicaromas.com/blogs/aromatherapy-and-essential-oils/the-best-portable-essential-oil-diffuser-for-travel/,
Bertec Portable Essential,Fcportables,,,https://www.fcportables.com/essentialpim-portable/,
Bertec Portable Essential,Electromodo,,,https://www.electromodo.com/jbl-partybox-encore-essential-vs-jbl-partybox-on-the-go/,
Bertec Portable Essential,Odu,maudette@odu.edu,757-683-6940,https://www.odu.edu/biomedical-engineering/research-facilities,
Bertec Portable Essential,Globenewswire,,(628) 251-1583,https://www.globenewswire.com/en/news-release/2023/09/05/2736965/0/en/Vestibular-Testing-Systems-Market-to-Hit-US-213-08-Million-by-2033-Fact-MR-Analysis.html,
Bertec Portable Essential,Northcentralcollege,grgems@noctrl.edu,,https://www.northcentralcollege.edu/program-exercise-science,
Bertec Portable Essential,Luptonrausch,,,http://www.luptonrausch.com/projects/Bertec.php,
Bertec Portable Essential,Techspot,,,https://www.techspot.com/downloads/1130-essentialpim-pro-portable.html,
Bertec Portable Essential,Cse Lmu,,310.338.2700,https://cse.lmu.edu/department/healthandhumansciences/research/humanperformancelabhpl/,
Bertec Portable Essential,Biomechanix Com,info@biomechanix.com.au,,https://biomechanix.com.au/bertec-instrumented-treadmill/,
Bertec Portable Essential,Daimlergroup,,614-488-4424,https://daimlergroup.com/developments/bertec/,
Bertec Portable Essential,Myvisajobs,,,https://www.myvisajobs.com/Visa-Sponsor/Bertec/482779.htm,
Bertec Portable Essential,Game Co,,,https://www.game.co.za/Electronics-&-Entertainment/Audio-Systems-&-Home-Theatre/Wireless-Speakers/p/000000000000836477,
Bertec Portable Essential,X Team,,,https://x-team.com/blog/mobile-office-essentials,
litegait,Hobbsrehabilitation Co,enquiries@hobbsrehabilitation.co.uk,1962779796,https://hobbsrehabilitation.co.uk/neurotechnology/litegait/,
litegait,Physiofunction Co,rehab@physiofunction.co.uk,+448000430327,https://www.physiofunction.co.uk/resource-hub/supportive-technologies/litegait,
litegait,Baptistrehab,,+19012753300,https://www.baptistrehab.com/about-us/therapeutic-technology,
litegait,Uwhealthrehabhospital,,+16085928100,https://www.uwhealthrehabhospital.com/about-us/therapeutic-technology,
litegait,Bellairept,,8325883552,https://bellairept.com/litegait/,
litegait,Salem Massgeneralbrigham,,9788258800,https://salem.massgeneralbrigham.org/pediatrics/physical_therapy,
litegait,Greencroft,,5746542200,https://www.greencroft.org/HamiltonGrove/living_care_options/page/light-gait,
litegait,Propelphysiotherapy,,1-416-621-2506,https://propelphysiotherapy.com/neurological/body-weight-supported-treadmill-training-in-neurological-rehabilitation/,
litegait,Holy Cross,,9543515942,https://www.holy-cross.com/services/rehabilitation-and-therapy/inpatient-rehabilitation-unit,
litegait,Physicalevolution Com,info@physicalevolution.com.au,7205636209458,https://physicalevolution.com.au/2022/02/24/litegait/,
litegait,Sgmc,,229.433.1000,https://www.sgmc.org/our-services/rehabilitation/inpatient-rehabilitation-unit/,
litegait,Centraltexasrehabhospital,,+15124072111,https://www.centraltexasrehabhospital.com/about-us/therapeutic-technology,
litegait,Leedsneurophysiotherapy Co,practice@leedsneurophysiotherapy.co.uk,1132508833,https://www.leedsneurophysiotherapy.co.uk/litegait-deweighting-gait-training-device/,
litegait,Hawaiisportsandbalancecenter,info@hawaiisportsandbalancecenter.com,8086320033,https://hawaiisportsandbalancecenter.com/physical-therapy-treatments/litegait/,
litegait,Lcmchealth,Julie.connelly@hcahealthcare.com,(504) 702-4862,https://www.lcmchealth.org/lakeside-hospital/our-services/rehabilitation-services/inpatient-rehabilitation/,
litegait,Public Bioclinicalservices Com,,+61437810269,https://public.bioclinicalservices.com.au/litegait/clinical/litegait-i-500-e-and-es-operator-and-service-manual,
litegait,Childrens,,+18444244537,https://www.childrens.com/specialties-services/specialty-centers-and-programs/physical-medicine-and-rehabilitation/gait-and-mobility-program,
litegait,Madonna,,+18444033131,https://www.madonna.org/news/article/specialized-technology-drives-patient-outcomes,
litegait,Bioclinicalservices Com,,+61437810269,https://www.bioclinicalservices.com.au/litegait/clinical/litegait-360e-400xx-and-500aa-operator-and-service-manual,
litegait,Uca,itc@uca.edu,,https://uca.edu/itc/gait-analysis/,
litegait,Stlukesonline,,(541)523-1521,https://www.stlukesonline.org/communities-and-locations/facilities/hospitals-and-medical-centers/gwen-neilsen-anderson-rehabilitation-center/photo-gallery-gwen-neilsen-anderson-rehabilitation-center/litegait,
litegait,Neurokonzepte,info@physio-aspect.de,+497615039580,https://www.neurokonzepte.de/,
litegait,Childrensmercy,,8162343000,https://www.childrensmercy.org/departments-and-clinics/physical-and-occupational-therapy/outpatient-therapy-services/,
litegait,Cnrehab,,3083985170,https://cnrehab.com/children-rehab/pediatric-therapy-treatments/litegait/,
litegait,Sites Usc,,,https://sites.usc.edu/lcl/facilities/,
litegait,Gillettechildrens,,+16512908707,https://www.gillettechildrens.org/conditions-care/gait-and-motion-analysis/what-is-gait-and-motion-analysis,
litegait,Canadiancentrefordevelopment,info@canadiancentrefordevelopment.org,14032067466,https://www.canadiancentrefordevelopment.org/lite-gait,
litegait,Neurorehabpractice Co,info@neurorehabpractice.co.uk,0208 087 2212,https://www.neurorehabpractice.co.uk/litegait-walking-rehab,
litegait,Pediastaff,,866-733-4278,https://www.pediastaff.com/blog/ot/litegait-trainer-used-in-cp-therapy-18997,
litegait,Movingkidsphysio Com,nicole@movingkidsphysio.com.au,0438 832 062,https://movingkidsphysio.com.au/,
litegait,Springsofgrace,,9185168728,https://springsofgrace.church/2017/04/lite-gait-need/,
litegait,Andrusonhudson,info@andrusonhudson.org,​(914) 478-3700,https://www.andrusonhudson.org/post/introduction-of-litegait-equipment,
litegait,Advocatehealth,,18477236690,https://www.advocatehealth.com/luth/health-services/rehabilitation-services,
litegait,Carecloud,,//1-877-342-7517,https://www.carecloud.com/cpt-97116/,
litegait,Relinkonline,ecommerce@relinkmedical.com,+12167620588,https://relinkonline.com/products/mobility-research-litegait-i-250-350-lift-hoist-inv-00391832,
Ekso Indego,News Shepherd,kerry.ludlam@shepherd.org,404-352-2020,https://news.shepherd.org/fda-approves-indego-exoskeleton-for-stroke-rehabilitation-and-treatment/,
Ekso Indego,Orthexo,,8009886009,https://orthexo.de/en/exoskeletons/rehab-and-aids-2/indego-exo/,
Ekso Indego,Web Stanford,,,https://web.stanford.edu/class/engr110/lecture03b.html,
Ekso Indego,211 64 109 208 Host Secureserver,phil@philtempleton.com,#,http://211.64.109.208.host.secureserver.net/?o=indego-limb-exoskeleton-can-now-be-controlled-with-app-jj-DD7mkOId,
Ekso Indego,Nyulangone,,855-698-9991,https://nyulangone.org/locations/rusk-rehabilitation,
Ekso Indego,Med Nyu,https%3A%2F%2Fmed.nyu.edu%2Fdepartments-institutes%2Frusk-rehabilitation%2F%3Frandom_param%3D3787,,https://med.nyu.edu/departments-institutes/rusk-rehabilitation/,
Ekso Indego,Hcahealthcare Co,,+44 207 079 4344,https://www.hcahealthcare.co.uk/our-services/treatments/indego-exoskeleton,
Ekso Indego,Dhrhealth,,956-362-8677,https://dhrhealth.com/services/outpatient-rehabilitation/,
Ekso Indego,Roamrobotics,cs@roamrobotics.com,(415) 949-ROAM,https://www.roamrobotics.com/about-us,
Ekso Indego,Engineering Vanderbilt,,+16153227311,https://engineering.vanderbilt.edu/2016/03/11/fda-approves-vanderbilt-designed-indego-exoskeleton-for-clinical-and-personal-use/,
Ekso Indego,Ihg,indigo.frontdesk@palettehotels.com,18778343613,https://www.ihg.com/hotelindigo/hotels/us/en/el-paso/elpin/hoteldetail,
Rewalk,Sci Washington,,,https://sci.washington.edu/rewalk/,
Rewalk,Wyss Harvard,mary.tolikas@wyss.harvard.edu,,https://wyss.harvard.edu/news/wyss-institute-collaborates-with-rewalk-robotics-to-develop-wearable-exosuits-for-patients-with-limited-mobility/,
Rewalk,Rewalkrobotic,,+91 994 108 108 0,https://www.rewalkrobotic.com/neuro-physiotherapy,
Rewalk,News Harvard,,,https://news.harvard.edu/gazette/story/2024/01/robotic-exosuit-gives-parkinsons-patient-smoother-stride/,
Rewalk,Seas Harvard,lburrows@seas.harvard.edu,,https://seas.harvard.edu/news/2016/05/harvard-collaborates-rewalk-robotics-develop-wearable-exosuits-patients-limited,
Rewalk,Otd Harvard,kirsten_mabry@harvard.edu,16174953067,https://otd.harvard.edu/news/collaboration-with-rewalk-robotics-to-develop-wearable-exosuits-for-patient,
Rewalk,Pure Psu,,,https://pure.psu.edu/en/publications/differentiating-ability-in-users-of-the-rewalksuptmsup-powered-ex,
Rewalk,Ohsu,,503-494-3151,https://www.ohsu.edu/rehabilitation-services/neurologic-rehabilitation,
Rewalk,Biodesign Seas Harvard,walsh@seas.harvard.edu,,https://biodesign.seas.harvard.edu/conor-walsh,
Rewalk,Touchstonerehabilitation,dan@touchstonerehabilitation.com,(602).277.1073,https://www.touchstonerehabilitation.com/rewalk-exoskeleton-system-training,
Rewalk,Uknow Uky,allison.perry@uky.edu,,https://uknow.uky.edu/uk-healthcare/uk-patient-domestic-violence-survivor-triumphs-one-step-time,
Rewalk,Wtop,,2028955000,https://wtop.com/news/2024/05/rewalk-q1-earnings-snapshot-2/,
Rewalk,Scholars Northwestern,,,https://www.scholars.northwestern.edu/en/publications/the-rewalk-restore-soft-robotic-exosuit-a-multi-site-clinical-tri,
Rewalk,Gminsights,sales@gminsights.com,+18886890688,https://www.gminsights.com/industry-analysis/exoskeleton-market,
Rewalk,Wiki Alquds,,,https://wiki.alquds.edu/?query=Rewalk,
Rewalk,Uclahealth,,3108252631,https://www.uclahealth.org/news/article/relearning-how-to-walk-requires-physical-and-mental-strength,
Rewalk,Michiganross Umich,,,https://michiganross.umich.edu/map-projects/rewalk-robotics,
Rewalk,Theculturetrip,,+16789674965,https://theculturetrip.com/middle-east/israel/articles/11-israeli-innovations-that-changed-the-world,
Rewalk,Engineering Stanford,,,https://engineering.stanford.edu/magazine/article/how-do-people-relearn-walk-after-surgery,
Rewalk,Bu,,,https://www.bu.edu/sargent/tag/rewalk-robotcis/,
Rewalk,Relatedrentals,,8887109962,https://www.relatedrentals.com/apartment-rentals/new-york-city/roosevelt-island/riverwalk-point,
Rewalk,Mossrehab,,1.800.225.5667,https://www.mossrehab.com/services/,
Lokomat,Moodyneuro,,409-762-6661,https://www.moodyneuro.org/hocoma-locomat/,
Lokomat,Beaumont,,//248-655-5660,https://www.beaumont.org/treatments/lokomat-walking-therapy,
Lokomat,Polyclinic Glavic,info@glavic-clinic.es,38516468300,https://www.polyclinic-glavic.com/en/robotics/glarth-gait-rehabilitation/lokomat/,
Lokomat,Physioxtra,rehabcentre@physioxtra.com,881321266,https://www.physioxtra.com/services/lokomat/,
Lokomat,Royalrehablifeworks Com,RRLW.Ryde@royalrehab.com.au,1800 518 180,https://royalrehablifeworks.com.au/ryde/technology/lokomat/,
Lokomat,Neuromotion,,778 293 3322,https://neuromotion.ca/lokomat-gait-training,
Lokomat,Abdiwaluyo,,+6281808365588,https://abdiwaluyo.com/health-info/lokomat-a-robot-assisted-rehabilitation-device-how-does-it-help-patients-walk-again/,
Lokomat,Motionprojectny,,+7166684724,https://www.motionprojectny.org/the-lokomat/,
Lokomat,Neuro Robotik Zentrum,info@neuro-robotik-zentrum.de,+498931408639,https://www.neuro-robotik-zentrum.de/,
Lokomat,Sunwaymedical,,+60374919191,https://www.sunwaymedical.com/en/programme/lokomat-pro-v5,
Lokomat,Stepsbudapest,,36709445154,https://stepsbudapest.com/lokomat-pro-3d/,
Lokomat,Physionxt Com,info@physionxt.com.au,03 70427258,https://physionxt.com.au/,
Lokomat,Cghmc Com,rehab-medicine@cghmc.com.ph,http://0287114141,https://cghmc.com.ph/health-service/robotics-rehabilitation/,
Lokomat,Neurochangers,info@neurochangers.ca,4166799255,https://neurochangers.ca/technology/hocoma-lokomat-toronto/,
Lokomat,Timik,post@timik.no,+47%202207%205220,https://timik.no/produkt/lokostation/,
Lokomat,Irenea,,34900525725,https://irenea.es/blog-dano-cerebral/aprender-a-caminar-de-nuevo-funcionamiento-y-eficacia-del-robot-lokomat-de-hospitales-VITHAS/,
Lokomat,Spauldingrehab,,1-617-952-5000,https://spauldingrehab.org/conditions-services/stroke-rehabilitation,
Lokomat,Medipol Com,,4447044,https://medipol.com.tr/en/technology/lokomat-robotic-walking-system,
Lokomat,Rego,,+359884500666,https://rego.rehab/en/tehnologii/lokomat-pro,
Lokomat,Park Zdrowia,kontakt@park-zdrowia.pl,+48732666406,https://park-zdrowia.pl/en/indywidualnezabiegi/lokomat-pro-by-hocoma/,
Lokomat,Mapquest,,+19563502143,https://www.mapquest.com/us/texas/lokomat-robotic-technology-534731349,
Lokomat,Irehab Com,management.irehab@gmail.com,+60129061690,https://irehab.com.my/our-services/lokomat-program/,
Lokomat,Movement Rx,getbetter@movement-rx.com,+1-619-210-0945,https://movement-rx.com/performance-physical-therapy/,
Lokomat,Medmonks,,917683088559,https://medmonks.com/physiotherapy-rehabilitation/lokomat/hospitals/india,
Lokomat,Basarihastanesi,,444 5 277,https://basarihastanesi.com/makale/lokomat-yurume-robotu/,
Lokomat,Anagennisi Ae,,2310805905,https://www.anagennisi-ae.gr/en/lokomat-pro-v-6innovative-walking-training/,
Lokomat,Forms Hcahealthcare Co,rehabilitation.wellington@hcahealthcare.co.uk,2070794344,https://forms.hcahealthcare.co.uk/our-services/treatments/lokomat,
Lokomat,Bacharach,,16096527000,https://www.bacharach.org/news/tag/lokomat/,
CAREN computer assisted rehabilitation environment,Clinics Midwestern,therapy_institute@midwestern.edu,623-537-6000,https://clinics.midwestern.edu/glendale-clinics/therapy-institute/caren-computer-assisted-rehabilitation-environment,
CAREN computer assisted rehabilitation environment,Nydnrehab,frontdesk@nydnrehab.com,1-212-308-9595,https://nydnrehab.com/treatment-methods/computer-assisted-rehabilitation-environment/how-caren-works/,
CAREN computer assisted rehabilitation environment,Ll Mit,,,https://www.ll.mit.edu/about/facilities/strive-center/equipment-and-capabilities,
CAREN computer assisted rehabilitation environment,Eng Usf,alqasemi@usf.edu,,http://www.eng.usf.edu/~alqasemi/,
CAREN computer assisted rehabilitation environment,Ui Adsabs Harvard,,,https://ui.adsabs.harvard.edu/abs/2023NatSR..13.2214F/abstract,
CAREN computer assisted rehabilitation environment,Go Midwestern,,630-971-6080,https://go.midwestern.edu/occupational-therapy,
CAREN computer assisted rehabilitation environment,Scholar Usuhs,,,https://scholar.usuhs.edu/en/publications/the-use-of-a-computer-assisted-research-environment-caren-for-enh,
CAREN computer assisted rehabilitation environment,Power Me Gatech,,,https://power.me.gatech.edu/uncategorized/caren-is-up-and-running/,
CAREN computer assisted rehabilitation environment,Research Gatech,catherine.barzler@gatech.edu,+14048942000,https://research.gatech.edu/new-framework-measuring-stability-during-walking,
GRAIL machine,Grail,,833-694-2553,https://grail.com/multi-cancer-early-detection/,
GRAIL machine,Onlineme Engr Utexas,J.Jajuga@utameonline.com,,https://onlineme.engr.utexas.edu/perpetual-motion-the-holy-grail-of-mechanical-engineering/,
GRAIL machine,Cecas Clemson,,,https://cecas.clemson.edu/grail/The_Lab.html,
GRAIL machine,Casmi Northwestern,casmi@northwestern.edu,,https://casmi.northwestern.edu/news/articles/2023/researchers-pursue-holy-grail-to-measure-machine-learnings-impact-on-people.html,
c-mill therapy,Walkin Chiro,,+14253381555,https://walkin-chiro.com/,
c-mill therapy,Psychologytoday,,+1-803-902-7480,https://www.psychologytoday.com/us/therapists/sc/fort-mill,
c-mill therapy,Marywashingtonhealthcare,,5407411404,https://www.marywashingtonhealthcare.com/embrey-mill/,
c-mill therapy,Beyondphysiotherapy,,(778)%20277-3666,https://beyondphysiotherapy.ca/,
c-mill therapy,Paraquad,,1-314-289-4200,https://paraquad.org/blog/adaptive-fitness-with-the-c-mill,
c-mill therapy,Locations Atipt,,4255825526,https://locations.atipt.com/mill-creek-wa,
c-mill therapy,Hocoma,clinical.applications@hocoma.com,492213596126,https://www.hocoma.com/de/losungen/c-mill/,
c-mill therapy,Vtcharlotte,,888-262-2020,http://www.vtcharlotte.com/,
c-mill therapy,Memorial,,18002738255,https://memorial.health/memorial-therapy-center-on-koke-mill/overview/,
c-mill therapy,Proliancetherapy,,425-673-3900,https://proliancetherapy.com/location/proliance-physical-hand-therapy-mill-creek,
c-mill therapy,Goodtherapy,,888-475-0033,https://www.goodtherapy.org/therapists/sc/fort-mill,
c-mill therapy,Chamberofcommerce,,425-582-5526,https://www.chamberofcommerce.com/business-directory/washington/mill-creek/physical-therapy-clinic/2006353579-ati-physical-therapy,
c-mill therapy,Benchmarkpt,,4043515432,https://www.benchmarkpt.com/locations/atlanta-howell-mill/,
c-mill therapy,Copcp,,(614) 339-8088,https://www.copcp.com/HealthServices/PhysicalTherapy,
c-mill therapy,Thompsoncff,info@thompsoncff.org,704.536.0375,https://www.thompsoncff.org/outpatient-therapy-services/,
c-mill therapy,Carolinatherapeutics,,(704) 654-8599,https://www.carolinatherapeutics.com/location/fort-mill-sc/,
c-mill therapy,Therapy4Kids,,18035489113,https://therapy4kids.com/,
c-mill therapy,Fresha,,+44 1206 879110,https://www.fresha.com/lvp/mill-road-therapy-centre-mill-road-8Jv2ZL,
c-mill therapy,Pacifictherapyandwellness,ptwmatt@gmail.com,808.385.4867,https://pacifictherapyandwellness.com/,
c-mill therapy,Thriveworks,,(804) 537-2024,https://thriveworks.com/midlothian-counseling/,
c-mill therapy,Athletico,RichmondLibbieMill@athletico.com,877-284-5384,https://www.athletico.com/locations/richmond-va-libbie-mill/,
c-mill therapy,Crossfunctionmassage,,+1-425-595-3436,https://www.crossfunctionmassage.com/,
c-mill therapy,Fullspectrumaba,,8139265454,"https://www.fullspectrumaba.com/sclocations/aba-therapy-in-fort-mill,-sc",
c-mill therapy,Hmfcc,staff@hmfcc.com,770-614-6630,https://hmfcc.com/physical-therapy/,
c-mill therapy,Tlc Pt,,(352) 861-0415,https://tlc-pt.com/location/sugarmill-woods/,
c-mill therapy,Holisticcharlotte,,+17043082557,https://www.holisticcharlotte.com/ivtherapy/,
c-mill therapy,Ithrive,admin@ithrive.net,(803)675-8227,https://www.ithrive.net/,
c-mill therapy,Evolveny,,+17185243915,https://evolveny.com/locations/mill-basin-physical-therapy-brooklyn,
c-mill therapy,Aevumhealth Com,admin@aevumhealth.com.au,42949990,https://www.aevumhealth.com.au/neurorehabilitation-cmill,
c-mill therapy,Ibmassage,,+1-425-6970795,https://www.ibmassage.com/,
c-mill therapy,Carolinasportsclinicfortmill,,8035479800,https://carolinasportsclinicfortmill.com/,
c-mill therapy,Edmondsorthopediccenter,,425-673-3900,https://www.edmondsorthopediccenter.com/location/proliance-physical-hand-therapy-mill-creek/,
c-mill therapy,Osteopracticptc,drz@osteopracticptc.com,7046497287,https://osteopracticptc.com/,
c-mill therapy,Sanctuaryfortmill,info@sanctuaryfortmill.com,803-526-4292,https://www.sanctuaryfortmill.com/meet-our-team,
,,,,,https://www.ottawahospital.on.ca/en/clinical-services/deptpgrmcs/departments/rehabilitation-centre/about-the-rehabilitation-centre/our-facilities/rehabilitation-virtual-reality-lab/
Bertec Vision Advantage,Carolinacataract,,8437973676,https://www.carolinacataract.com/eye-doctors-charleston/charlene-grice-md/,
Bertec Balance Advantage,Lowcountryaudiology,,8434100976,https://www.lowcountryaudiology.com/balance,
NeuroCom SMART Balance Master,Healthgrades,,8437644887,https://www.healthgrades.com/group-directory/sc-south-carolina/north-charleston/balance-mobility-and-dizziness-center-of-charleston-xbbmdp,
NeuroCom EquiTest,Scholars Georgiasouthern,,,https://scholars.georgiasouthern.edu/en/publications/impact-of-military-type-footwear-and-load-carrying-workload-on-po,
NeuroCom EquiTest,Researchwith Njit,,,https://researchwith.njit.edu/en/publications/postural-stability-index-is-a-more-valid-measure-of-stability-tha,
litegait,Cincinnatichildrens,otpt@cchmc.org,+1-513-636-4651,https://www.cincinnatichildrens.org/service/o/ot-pt/litegait,
Lokomat,Burtominternational,info@burtom.com,+904444224,https://burtominternational.com/technologies/lokomat-robot-assisted-gait-training-system/,
Lokomat,Memorialhermann,,(713) 222-2273,https://memorialhermann.org/services/specialties/tirr/healthcare-professionals/research/rehabilitation-technology,
CAREN computer assisted rehabilitation environment,Lantanarecovery,contact@lantanarecovery.com,866-997-2870,https://lantanarecovery.com/intensive-outpatient-program/,
Gait Real-time Analysis Interactive Lab (GRAIL),Giving Ycp,,+17178467788,https://giving.ycp.edu/news/office-space-dr-emmanuel-john-dean-of-the-dr-donald-e-and-lois-j-myers-school-of-nursing-and-health-professions,
c-mill treadmill therapy,Premierphysicaltherapy,,843-797-5167,https://premierphysicaltherapy.us/services/aquatic-therapy/,
c-mill treadmill therapy,Eastvalleyanimal,info@eastvalleyanimal.com,4808921577,https://www.eastvalleyanimal.com/the-benefits-of-water-treadmill-therapy-for-dogs/,
c-mill treadmill therapy,Medstarhealth,,202-877-1760,https://www.medstarhealth.org/services/alterg-anti-gravity-treadmill,
c-mill treadmill therapy,Premierhealth,,(513) 974-5013,https://www.premierhealth.com/services/rehabilitation/sports-medicine/alterg-anti-gravity-treadmill,
c-mill treadmill therapy,Froedtert,,+14147777700,https://www.froedtert.com/sports-medicine/diagnostics-treatment/alter-g-anti-gravity-treadmill,
c-mill treadmill therapy,Primedeq,,+91897-122-3957,https://www.primedeq.com/blog/hydrotherapy-and-aqua-treadmill/,
c-mill treadmill therapy,1Stpetvet,,+14807320018,https://1stpetvet.com/how-underwater-treadmill-therapy-can-help-your-dog/,
Bertec Portable Essential,Recherchesantequebec,montelongo.bianca@mayo.edu,4803014665,https://recherchesantequebec.ca/public/projects/200919?locale=en,
Bertec Balance Advantage,Pittplusme,,1-866-438-8230,https://pittplusme.org/study/2475,
NeuroCom SMART Balance Master,Llu,ask@llu.edu,9095581000,https://llu.edu/academics/faculty/johnson-eric/research,
litegait,Sheacenter,info@sheacenter.org,+19492408441,https://sheacenter.org/blog/more-info/litegait/,
Rewalk,Wcu,,828.227.7211,https://www.wcu.edu/stories/posts/pt-robotic-assisted.aspx,
Rewalk,Orthotics Co,office@orthotics.co.uk,3300883949,https://www.orthotics.co.uk/robotics/rewalk/,
Rewalk,Manchesterneurotherapy Co,,1617930003,https://manchesterneurotherapy.co.uk/services-item/rewalk/,
Lokomat,Umms,,410-822-3080,https://www.umms.org/shore/health-services/rehabilitation/outpatient-services/physical-therapy/lokomat-robotic-gait,
Lokomat,Ascotrehab,info@ascotrehab.com,//+442032120839,https://www.ascotrehab.com/rehab-technology/lokomat-pro/,
Lokomat,Medipolglobal,,+44 7342 352 012,https://medipolglobal.com/lokomat-robotic-walking-system,
Lokomat,Algomedhospital,info@algomedhospital.com,+44 20 4586 9641,https://algomedhospital.com/lokomat-walking-robot-371,
Lokomat,Account Allinahealth,,612-262-7900,https://account.allinahealth.org/services/649,
CAREN computer assisted rehabilitation environment,Iro Uiowa,,,https://iro.uiowa.edu/discovery/fulldisplay?docid=alma9984047668602771&context=L&vid=01IOWA_INST:ResearchRepository&lang=en&search_scope=Research&adaptor=Local%20Search%20Engine&tab=Research&query=sub%2Cexact%2CVirtual%2CAND&mode=advanced,
CAREN computer assisted rehabilitation environment,Commons Nmu,,,https://commons.nmu.edu/isbs/vol35/iss1/77/,
CAREN computer assisted rehabilitation environment,News Usuhs,,,https://news.usuhs.edu/2017/11/new-tools-make-previously-impossible.html,
CAREN computer assisted rehabilitation environment,Herl Pitt,herl@groups.pitt.edu,,https://www.herl.pitt.edu/research/virtual-reality,
CAREN computer assisted rehabilitation environment,Tour Midwestern,,,http://tour.midwestern.edu/glendale/therapy-institute,
CAREN computer assisted rehabilitation environment,Dspace Library Uvic,,+12507216673,https://dspace.library.uvic.ca/items/b69a07c4-a234-41c1-bd68-760970ad554f,
c-mill treadmill therapy,Chihealth,,1(4025722295,https://www.chihealth.com/services/rehabilitation/inpatient-rehabilitation,
c-mill treadmill therapy,Kennedykrieger,,8885542080,https://www.kennedykrieger.org/patient-care/centers-and-programs/physical-therapy-clinic,
c-mill treadmill therapy,Dignityhealth,,818-885-8500,https://www.dignityhealth.org/socal/locations/northridgehospital/services/rehabilitation-medicine/open-house-c-mill-demonstration,
c-mill treadmill therapy,Rosalindfranklin,,8475783000,https://www.rosalindfranklin.edu/research/centers/centers-institutes-and-consortia/center-for-lower-extremity-ambulatory-research-clear/human-performance-laboratory/tools-and-research/instrumented-treadmill/,
c-mill treadmill therapy,Arcadia,eckenrodeb@arcadia.edu,,https://www.arcadia.edu/academics/college-health-sciences/physical-therapy/running-injury-clinic/,
c-mill treadmill therapy,Atriumhealth,,7048634878,https://atriumhealth.org/medical-services/specialty-care/orthopedic-care/sports-medicine,
Gait Real-time Analysis Interactive Lab (GRAIL),Nortonhealthcareprovider,,+1888-486-6786,https://nortonhealthcareprovider.com/news/norton-mobility-lab-utilizes-grail-for-gait-analysis-and-training/,